{"cameraMode":{"drawMode":0,"name":"Shaded","section":"Shading Mode"},"sceneLighting":false,"audioPlay":false,"sceneViewState":{"m_AlwaysRefresh":false,"showFog":true,"showSkybox":true,"showFlares":true,"showImageEffects":true,"showParticleSystems":true,"showVisualEffectGraphs":true,"m_FxEnabled":false},"in2DMode":false,"pivot":{"x":-23.998716354370118,"y":-16.359960556030275,"z":87.78207397460938},"rotation":{"x":0.1975545883178711,"y":-0.24813395738601685,"z":0.03008691594004631,"w":0.9479067325592041},"size":171.58160400390626,"orthographic":false}